<?xml version="1.0" encoding="UTF-8"?>

<portlet-app
    xmlns="http://java.sun.com/xml/ns/portlet/portlet-app_1_0.xsd"
    version="1.0"
    xmlns:xsi="http://www.w3.org/2001/XMLSchema-instance"
    xsi:schemaLocation="http://java.sun.com/xml/ns/portlet/portlet-app_1_0.xsd
                        http://java.sun.com/xml/ns/portlet/portlet-app_1_0.xsd">

  <portlet>
    <description>Write here a short description about your portlet.</description>
    <portlet-name>${artifactId}</portlet-name>
    <display-name>${artifactId} Portlet</display-name>

    <portlet-class>${groupId}.${artifactId}</portlet-class>

    <supports>
      <mime-type>text/html</mime-type>
      <portlet-mode>VIEW</portlet-mode>
    </supports>

    <supported-locale>en</supported-locale>

    <portlet-info>
      <title>Put the portlet title here</title>
      <short-title>Portlet Short Title</short-title>
      <keywords>put keywords here</keywords>
    </portlet-info>
  </portlet>
</portlet-app>
