<?xml version="1.0" encoding="UTF-8"?>
<!--
  ~ Licensed to the Apache Software Foundation (ASF) under one
  ~ or more contributor license agreements.  See the NOTICE file
  ~ distributed with this work for additional information
  ~ regarding copyright ownership.  The ASF licenses this file
  ~ to you under the Apache License, Version 2.0 (the
  ~ "License"); you may not use this file except in compliance
  ~ with the License.  You may obtain a copy of the License at
  ~
  ~     http://www.apache.org/licenses/LICENSE-2.0
  ~
  ~ Unless required by applicable law or agreed to in writing,
  ~ software distributed under the License is distributed on an
  ~ "AS IS" BASIS, WITHOUT WARRANTIES OR CONDITIONS OF ANY
  ~ KIND, either express or implied.  See the License for the
  ~ specific language governing permissions and limitations
  ~ under the License.
  -->
<component-set>
  <components>
    <component>
      <role>org.apache.maven.lifecycle.mapping.LifecycleMapping</role>
      <role-hint>maven-archetype</role-hint>
      <implementation>org.apache.maven.lifecycle.mapping.DefaultLifecycleMapping</implementation>
      <configuration>
        <!-- START SNIPPET: maven-archetype-lifecycle -->
        <phases>
          <process-resources>org.apache.maven.plugins:maven-resources-plugin:resources</process-resources>
          <process-test-resources>org.apache.maven.plugins:maven-resources-plugin:testResources</process-test-resources>
          <package>org.apache.maven.plugins:maven-archetype-plugin:jar</package>
          <integration-test>org.apache.maven.plugins:maven-archetype-plugin:integration-test</integration-test>
          <install>org.apache.maven.plugins:maven-install-plugin:install,
            org.apache.maven.plugins:maven-archetype-plugin:update-local-catalog
          </install>
          <!-- Update the local catalog -->
          <deploy>org.apache.maven.plugins:maven-deploy-plugin:deploy</deploy>
        </phases>
        <!-- END SNIPPET: maven-archetype-lifecycle -->
      </configuration>
    </component>

    <component>
      <role>org.apache.maven.artifact.handler.ArtifactHandler</role>
      <role-hint>maven-archetype</role-hint>
      <implementation>org.apache.maven.artifact.handler.DefaultArtifactHandler</implementation>
      <configuration>
        <type>maven-archetype</type>
        <extension>jar</extension>
        <packaging>maven-archetype</packaging>
      </configuration>
    </component>

  </components>
</component-set>
